{
	"credit": "Made with Blockbench",
	"texture_size": [32, 32],
	"textures": {
		"0": "item/blood_brimstone",
		"particle": "item/blood_brimstone"
	},
	"elements": [
		{
			"from": [4, 8, 0],
			"to": [12, 8, 16],
			"rotation": {"angle": 0, "axis": "x", "origin": [8, 8, 8]},
			"faces": {
				"north": {"uv": [0, 0, 0, 4], "rotation": 90, "texture": "#0"},
				"east": {"uv": [0, 0, 0, 8], "rotation": 90, "texture": "#0"},
				"south": {"uv": [0, 0, 0, 4], "rotation": 270, "texture": "#0"},
				"west": {"uv": [0, 8, 0, 0], "rotation": 90, "texture": "#0"},
				"up": {"uv": [8, 0, 16, 4], "rotation": 270, "texture": "#0"},
				"down": {"uv": [0, 8, 8, 12], "rotation": 270, "texture": "#0"}
			}
		},
		{
			"from": [8, 4, 0],
			"to": [8, 12, 16],
			"rotation": {"angle": 0, "axis": "x", "origin": [8, 8, 8]},
			"faces": {
				"north": {"uv": [0, 0, 4, 0], "rotation": 90, "texture": "#0"},
				"east": {"uv": [8, 0, 4, 8], "rotation": 90, "texture": "#0"},
				"south": {"uv": [0, 0, 4, 0], "rotation": 270, "texture": "#0"},
				"west": {"uv": [4, 8, 0, 0], "rotation": 90, "texture": "#0"},
				"up": {"uv": [0, 0, 8, 0], "rotation": 270, "texture": "#0"},
				"down": {"uv": [0, 0, 8, 0], "rotation": 270, "texture": "#0"}
			}
		}
	]
}