{
	"credit": "Made with Blockbench",
	"texture_size": [32, 32],
	"textures": {
		"0": "item/dragon_blood",
		"particle": "item/dragon_blood"
	},
	"elements": [
		{
			"from": [4, 0, 4],
			"to": [12, 6, 12],
			"faces": {
				"north": {"uv": [4, 0, 8, 3], "texture": "#0"},
				"east": {"uv": [4, 3, 8, 6], "texture": "#0"},
				"south": {"uv": [4, 6, 8, 9], "texture": "#0"},
				"west": {"uv": [0, 8, 4, 11], "texture": "#0"},
				"up": {"uv": [4, 4, 0, 0], "texture": "#0"},
				"down": {"uv": [4, 4, 0, 8], "texture": "#0"}
			}
		},
		{
			"from": [5, 1, 5],
			"to": [11, 5, 11],
			"faces": {
				"north": {"uv": [7, 9, 10, 11], "texture": "#0"},
				"east": {"uv": [10, 9, 13, 11], "texture": "#0"},
				"south": {"uv": [0, 11, 3, 13], "texture": "#0"},
				"west": {"uv": [11, 0, 14, 2], "texture": "#0"},
				"up": {"uv": [11, 3, 8, 0], "texture": "#0"},
				"down": {"uv": [11, 3, 8, 6], "texture": "#0"}
			}
		},
		{
			"from": [6, 6, 6],
			"to": [10, 8, 10],
			"faces": {
				"north": {"uv": [11, 8, 13, 9], "texture": "#0"},
				"east": {"uv": [11, 11, 13, 12], "texture": "#0"},
				"south": {"uv": [3, 12, 5, 13], "texture": "#0"},
				"west": {"uv": [5, 12, 7, 13], "texture": "#0"},
				"up": {"uv": [9, 13, 7, 11], "texture": "#0"},
				"down": {"uv": [11, 11, 9, 13], "texture": "#0"}
			}
		},
		{
			"from": [5, 8, 5],
			"to": [11, 11, 11],
			"faces": {
				"north": {"uv": [11, 2, 14, 3.5], "texture": "#0"},
				"east": {"uv": [11, 3.5, 14, 5], "texture": "#0"},
				"south": {"uv": [11, 5, 14, 6.5], "texture": "#0"},
				"west": {"uv": [11, 6.5, 14, 8], "texture": "#0"},
				"up": {"uv": [11, 9, 8, 6], "texture": "#0"},
				"down": {"uv": [7, 9, 4, 12], "texture": "#0"}
			}
		}
	],
	"display": {
		"thirdperson_righthand": {
			"rotation": [45, 45, 0],
			"translation": [0, 2, 2],
			"scale": [0.55, 0.55, 0.55]
		},
		"thirdperson_lefthand": {
			"rotation": [45, 45, 0],
			"translation": [0, 2, 2],
			"scale": [0.55, 0.55, 0.55]
		},
		"firstperson_righthand": {
			"rotation": [0, 45, 0],
			"translation": [0, 6, 2],
			"scale": [0.55, 0.55, 0.55]
		},
		"firstperson_lefthand": {
			"rotation": [0, 45, 0],
			"translation": [0, 5, 2],
			"scale": [0.55, 0.55, 0.55]
		},
		"ground": {
			"translation": [0, 4.5, 0]
		},
		"gui": {
			"rotation": [28, 162, 0],
			"translation": [0, 2, 0]
		},
		"head": {
			"translation": [0, 14.5, 0]
		}
	}
}