{
	"credit": "Made with Blockbench",
	"texture_size": [64, 64],
	"textures": {
		"2": "item/ice_lance"
	},
	"elements": [
		{
			"from": [7.5, -1, 7.5],
			"to": [8.5, 24, 8.5],
			"faces": {
				"north": {"uv": [2.25, 6.25, 2.5, 12.5], "texture": "#2"},
				"east": {"uv": [2.5, 6.25, 2.75, 12.5], "texture": "#2"},
				"south": {"uv": [2.75, 6.25, 3, 12.5], "texture": "#2"},
				"west": {"uv": [3, 6.25, 3.25, 12.5], "texture": "#2"},
				"up": {"uv": [5, 7.25, 4.75, 7], "texture": "#2"},
				"down": {"uv": [5.25, 7, 5, 7.25], "texture": "#2"}
			}
		},
		{
			"from": [8, 0, 3.5],
			"to": [8, 25, 12.5],
			"rotation": {"angle": 0, "axis": "y", "origin": [8, 12.5, 8]},
			"faces": {
				"north": {"uv": [0, 0, 0, 6.25], "texture": "#2"},
				"east": {"uv": [0, 0, 2.25, 6.25], "texture": "#2"},
				"south": {"uv": [0, 0, 0, 6.25], "texture": "#2"},
				"west": {"uv": [2.25, 0, 4.5, 6.25], "texture": "#2"},
				"up": {"uv": [0, 2.25, 0, 0], "texture": "#2"},
				"down": {"uv": [0, 0, 0, 2.25], "texture": "#2"}
			}
		},
		{
			"from": [3.5, 0, 8],
			"to": [12.5, 25, 8],
			"rotation": {"angle": 0, "axis": "y", "origin": [8, 12.5, 8]},
			"faces": {
				"north": {"uv": [4.5, 0, 6.75, 6.25], "texture": "#2"},
				"east": {"uv": [0, 0, 0, 6.25], "texture": "#2"},
				"south": {"uv": [0, 6.25, 2.25, 12.5], "texture": "#2"},
				"west": {"uv": [0, 0, 0, 6.25], "texture": "#2"},
				"up": {"uv": [2.25, 0, 0, 0], "texture": "#2"},
				"down": {"uv": [2.25, 0, 0, 0], "texture": "#2"}
			}
		},
		{
			"from": [7, 1, 7],
			"to": [9, 2, 9],
			"faces": {
				"north": {"uv": [3.75, 6.75, 4.25, 7], "texture": "#2"},
				"east": {"uv": [6.75, 4, 7.25, 4.25], "texture": "#2"},
				"south": {"uv": [4.25, 6.75, 4.75, 7], "texture": "#2"},
				"west": {"uv": [6.75, 4.25, 7.25, 4.5], "texture": "#2"},
				"up": {"uv": [6.75, 6.75, 6.25, 6.25], "texture": "#2"},
				"down": {"uv": [7.25, 0, 6.75, 0.5], "texture": "#2"}
			}
		},
		{
			"from": [7.25, 12, 7.25],
			"to": [8.75, 13, 8.75],
			"faces": {
				"north": {"uv": [6.75, 4.5, 7.25, 4.75], "texture": "#2"},
				"east": {"uv": [4.75, 6.75, 5.25, 7], "texture": "#2"},
				"south": {"uv": [6.75, 4.75, 7.25, 5], "texture": "#2"},
				"west": {"uv": [6.75, 5, 7.25, 5.25], "texture": "#2"},
				"up": {"uv": [7.25, 1, 6.75, 0.5], "texture": "#2"},
				"down": {"uv": [7.25, 1, 6.75, 1.5], "texture": "#2"}
			}
		},
		{
			"from": [7.25, 10, 7.25],
			"to": [8.75, 11, 8.75],
			"faces": {
				"north": {"uv": [5.25, 6.75, 5.75, 7], "texture": "#2"},
				"east": {"uv": [6.75, 5.25, 7.25, 5.5], "texture": "#2"},
				"south": {"uv": [6.75, 5.5, 7.25, 5.75], "texture": "#2"},
				"west": {"uv": [5.75, 6.75, 6.25, 7], "texture": "#2"},
				"up": {"uv": [7.25, 2, 6.75, 1.5], "texture": "#2"},
				"down": {"uv": [7.25, 2, 6.75, 2.5], "texture": "#2"}
			}
		},
		{
			"from": [7.25, 17, 7.25],
			"to": [8.75, 18, 8.75],
			"faces": {
				"north": {"uv": [6.75, 5.75, 7.25, 6], "texture": "#2"},
				"east": {"uv": [6.75, 6, 7.25, 6.25], "texture": "#2"},
				"south": {"uv": [6.25, 6.75, 6.75, 7], "texture": "#2"},
				"west": {"uv": [6.75, 6.25, 7.25, 6.5], "texture": "#2"},
				"up": {"uv": [7.25, 3, 6.75, 2.5], "texture": "#2"},
				"down": {"uv": [7.25, 3, 6.75, 3.5], "texture": "#2"}
			}
		},
		{
			"from": [7.25, 19, 7.25],
			"to": [8.75, 20, 8.75],
			"faces": {
				"north": {"uv": [6.75, 6.5, 7.25, 6.75], "texture": "#2"},
				"east": {"uv": [6.75, 6.75, 7.25, 7], "texture": "#2"},
				"south": {"uv": [3.75, 7, 4.25, 7.25], "texture": "#2"},
				"west": {"uv": [4.25, 7, 4.75, 7.25], "texture": "#2"},
				"up": {"uv": [3.75, 7.25, 3.25, 6.75], "texture": "#2"},
				"down": {"uv": [7.25, 3.5, 6.75, 4], "texture": "#2"}
			}
		},
		{
			"from": [6, -1, 7],
			"to": [8, 1, 9],
			"rotation": {"angle": 45, "axis": "z", "origin": [8, 1, 8]},
			"faces": {
				"north": {"uv": [3.25, 6.25, 3.75, 6.75], "texture": "#2"},
				"east": {"uv": [3.75, 6.25, 4.25, 6.75], "texture": "#2"},
				"south": {"uv": [4.25, 6.25, 4.75, 6.75], "texture": "#2"},
				"west": {"uv": [4.75, 6.25, 5.25, 6.75], "texture": "#2"},
				"up": {"uv": [5.75, 6.75, 5.25, 6.25], "texture": "#2"},
				"down": {"uv": [6.25, 6.25, 5.75, 6.75], "texture": "#2"}
			}
		}
	],
	"gui_light": "front",
	"display": {
		"thirdperson_righthand": {
			"translation": [0, 1, 2]
		},
		"thirdperson_lefthand": {
			"translation": [0, 1, 2]
		},
		"firstperson_righthand": {
			"translation": [0, 1, 1]
		},
		"firstperson_lefthand": {
			"translation": [0, 1, 1]
		},
		"ground": {
			"rotation": [75, 0, 0]
		},
		"gui": {
			"rotation": [0, 35, -45],
			"translation": [-2, -2, 0],
			"scale": [0.75, 0.75, 0.75]
		},
		"fixed": {
			"rotation": [0, 0, -45],
			"translation": [-1, -1, 0],
			"scale": [0.8, 0.8, 0.8]
		}
	}
}