{
	"credit": "Made with Blockbench",
	"texture_size": [32, 32],
	"textures": {
		"0": "item/reaper_scythe",
		"particle": "item/reaper_scythe"
	},
	"elements": [
		{
			"from": [7, 0, 7],
			"to": [9, 2, 9],
			"rotation": {"angle": 45, "axis": "z", "origin": [8, 1, 8]},
			"faces": {
				"north": {"uv": [10.5, 12, 11.5, 13], "texture": "#0"},
				"east": {"uv": [12, 10.5, 13, 11.5], "texture": "#0"},
				"south": {"uv": [12, 11.5, 13, 12.5], "texture": "#0"},
				"west": {"uv": [12.5, 0, 13.5, 1], "texture": "#0"},
				"up": {"uv": [13.5, 2, 12.5, 1], "texture": "#0"},
				"down": {"uv": [3, 12.5, 2, 13.5], "texture": "#0"}
			}
		},
		{
			"from": [7.5, 1, 7.5],
			"to": [8.5, 17, 8.5],
			"rotation": {"angle": 0, "axis": "z", "origin": [8, 9, 8]},
			"faces": {
				"north": {"uv": [4, 6, 4.5, 14], "texture": "#0"},
				"east": {"uv": [4.5, 6, 5, 14], "texture": "#0"},
				"south": {"uv": [5, 6, 5.5, 14], "texture": "#0"},
				"west": {"uv": [5.5, 6, 6, 14], "texture": "#0"},
				"up": {"uv": [10.5, 13, 10, 12.5], "texture": "#0"},
				"down": {"uv": [10, 13.5, 9.5, 14], "texture": "#0"}
			}
		},
		{
			"from": [7.25, 14.5, 7.25],
			"to": [8.75, 15.5, 8.75],
			"rotation": {"angle": 0, "axis": "z", "origin": [8, 9, 8]},
			"faces": {
				"north": {"uv": [13, 7, 14, 7.5], "texture": "#0"},
				"east": {"uv": [13, 7.5, 14, 8], "texture": "#0"},
				"south": {"uv": [13, 8, 14, 8.5], "texture": "#0"},
				"west": {"uv": [13, 8.5, 14, 9], "texture": "#0"},
				"up": {"uv": [13.5, 3, 12.5, 2], "texture": "#0"},
				"down": {"uv": [4, 12.5, 3, 13.5], "texture": "#0"}
			}
		},
		{
			"from": [7.25, 13, 7.25],
			"to": [8.75, 14, 8.75],
			"rotation": {"angle": 0, "axis": "z", "origin": [8, 9, 8]},
			"faces": {
				"north": {"uv": [10, 13, 11, 13.5], "texture": "#0"},
				"east": {"uv": [13, 10.5, 14, 11], "texture": "#0"},
				"south": {"uv": [13, 11, 14, 11.5], "texture": "#0"},
				"west": {"uv": [13, 11.5, 14, 12], "texture": "#0"},
				"up": {"uv": [7, 13.5, 6, 12.5], "texture": "#0"},
				"down": {"uv": [8, 12.5, 7, 13.5], "texture": "#0"}
			}
		},
		{
			"from": [7.25, 3.5, 7.25],
			"to": [8.75, 4.5, 8.75],
			"rotation": {"angle": 0, "axis": "z", "origin": [8, 9, 8]},
			"faces": {
				"north": {"uv": [13, 12, 14, 12.5], "texture": "#0"},
				"east": {"uv": [13, 12.5, 14, 13], "texture": "#0"},
				"south": {"uv": [13, 13, 14, 13.5], "texture": "#0"},
				"west": {"uv": [13.5, 0, 14.5, 0.5], "texture": "#0"},
				"up": {"uv": [9, 13.5, 8, 12.5], "texture": "#0"},
				"down": {"uv": [10, 12.5, 9, 13.5], "texture": "#0"}
			}
		},
		{
			"from": [7.25, 5, 7.25],
			"to": [8.75, 6, 8.75],
			"rotation": {"angle": 0, "axis": "z", "origin": [8, 9, 8]},
			"faces": {
				"north": {"uv": [13.5, 0.5, 14.5, 1], "texture": "#0"},
				"east": {"uv": [13.5, 1, 14.5, 1.5], "texture": "#0"},
				"south": {"uv": [13.5, 1.5, 14.5, 2], "texture": "#0"},
				"west": {"uv": [2, 13.5, 3, 14], "texture": "#0"},
				"up": {"uv": [13, 13.5, 12, 12.5], "texture": "#0"},
				"down": {"uv": [1, 13, 0, 14], "texture": "#0"}
			}
		},
		{
			"from": [7.25, 9.5, 7.25],
			"to": [8.75, 12.5, 8.75],
			"rotation": {"angle": 0, "axis": "z", "origin": [8, 9, 8]},
			"faces": {
				"north": {"uv": [2, 11, 3, 12.5], "texture": "#0"},
				"east": {"uv": [3, 11, 4, 12.5], "texture": "#0"},
				"south": {"uv": [6, 11, 7, 12.5], "texture": "#0"},
				"west": {"uv": [7, 11, 8, 12.5], "texture": "#0"},
				"up": {"uv": [2, 14, 1, 13], "texture": "#0"},
				"down": {"uv": [14, 6, 13, 7], "texture": "#0"}
			}
		},
		{
			"from": [5.5, 17.5, 7.25],
			"to": [10.5, 19.5, 8.75],
			"rotation": {"angle": -45, "axis": "z", "origin": [8, 17, 8]},
			"faces": {
				"north": {"uv": [9.5, 6, 12, 7], "texture": "#0"},
				"east": {"uv": [3.5, 7, 4, 8], "texture": "#0"},
				"south": {"uv": [9.5, 7, 12, 8], "texture": "#0"},
				"west": {"uv": [11, 8, 11.5, 9], "texture": "#0"},
				"up": {"uv": [10.5, 12.5, 8, 12], "texture": "#0"},
				"down": {"uv": [14.5, 9, 12, 9.5], "texture": "#0"}
			}
		},
		{
			"from": [6.5, 15.5, 6.75],
			"to": [9.5, 18.5, 9.25],
			"rotation": {"angle": -45, "axis": "z", "origin": [8, 17, 8]},
			"faces": {
				"north": {"uv": [2, 9.5, 3.5, 11], "texture": "#0"},
				"east": {"uv": [6, 9.5, 7.5, 11], "texture": "#0"},
				"south": {"uv": [10, 9, 11.5, 10.5], "texture": "#0"},
				"west": {"uv": [10, 10.5, 11.5, 12], "texture": "#0"},
				"up": {"uv": [12.5, 1.5, 11, 0], "texture": "#0"},
				"down": {"uv": [12.5, 1.5, 11, 3], "texture": "#0"}
			}
		},
		{
			"from": [8, 13.5, 8.25],
			"to": [15.5, 20.5, 8.25],
			"rotation": {"angle": 0, "axis": "z", "origin": [8, 17, 8]},
			"faces": {
				"north": {"uv": [0, 0, 4, 3.5], "texture": "#0"},
				"east": {"uv": [0, 0, 0, 3.5], "texture": "#0"},
				"south": {"uv": [0, 3.5, 4, 7], "texture": "#0"},
				"west": {"uv": [0, 0, 0, 3.5], "texture": "#0"},
				"up": {"uv": [4, 0, 0, 0], "texture": "#0"},
				"down": {"uv": [4, 0, 0, 0], "texture": "#0"}
			}
		},
		{
			"from": [8, 17.5, 7.5],
			"to": [14.5, 18.5, 9],
			"rotation": {"angle": 0, "axis": "z", "origin": [8, 17, 8]},
			"faces": {
				"north": {"uv": [10.5, 5, 14, 5.5], "texture": "#0"},
				"east": {"uv": [13.5, 2, 14.5, 2.5], "texture": "#0"},
				"south": {"uv": [10.5, 5.5, 14, 6], "texture": "#0"},
				"west": {"uv": [13.5, 2.5, 14.5, 3], "texture": "#0"},
				"up": {"uv": [9.5, 7, 6, 6], "texture": "#0"},
				"down": {"uv": [3.5, 7, 0, 8], "texture": "#0"}
			}
		},
		{
			"from": [8, 15.5, 7.5],
			"to": [13.5, 16.5, 9],
			"rotation": {"angle": 0, "axis": "z", "origin": [8, 17, 8]},
			"faces": {
				"north": {"uv": [11, 4, 14, 4.5], "texture": "#0"},
				"east": {"uv": [3, 13.5, 4, 14], "texture": "#0"},
				"south": {"uv": [11, 4.5, 14, 5], "texture": "#0"},
				"west": {"uv": [6, 13.5, 7, 14], "texture": "#0"},
				"up": {"uv": [10.5, 6, 7.5, 5], "texture": "#0"},
				"down": {"uv": [11, 8, 8, 9], "texture": "#0"}
			}
		},
		{
			"from": [0.5, 15.5, 7],
			"to": [7.25, 18.25, 9],
			"rotation": {"angle": -22.5, "axis": "z", "origin": [8.5, 15.25, 8]},
			"faces": {
				"north": {"uv": [4, 0, 7.5, 1.5], "texture": "#0"},
				"east": {"uv": [0, 11.5, 1, 13], "texture": "#0"},
				"south": {"uv": [4, 1.5, 7.5, 3], "texture": "#0"},
				"west": {"uv": [1, 11.5, 2, 13], "texture": "#0"},
				"up": {"uv": [9.5, 8, 6, 7], "texture": "#0"},
				"down": {"uv": [11, 0, 7.5, 1], "texture": "#0"}
			}
		},
		{
			"from": [-3.75, 7.75, 7.5],
			"to": [-2, 13.5, 8.5],
			"rotation": {"angle": -22.5, "axis": "z", "origin": [8.5, 15.25, 8]},
			"faces": {
				"north": {"uv": [8, 9, 9, 12], "texture": "#0"},
				"east": {"uv": [11.5, 8, 12, 11], "texture": "#0"},
				"south": {"uv": [9, 9, 10, 12], "texture": "#0"},
				"west": {"uv": [11.5, 11, 12, 14], "texture": "#0"},
				"up": {"uv": [8, 14, 7, 13.5], "texture": "#0"},
				"down": {"uv": [9, 13.5, 8, 14], "texture": "#0"}
			}
		},
		{
			"from": [-1.75, 20.5, 7.25],
			"to": [5, 23, 8.75],
			"rotation": {"angle": 22.5, "axis": "z", "origin": [8.5, 15.25, 8]},
			"faces": {
				"north": {"uv": [4, 3, 7.5, 4.5], "texture": "#0"},
				"east": {"uv": [12, 6, 13, 7.5], "texture": "#0"},
				"south": {"uv": [4, 4.5, 7.5, 6], "texture": "#0"},
				"west": {"uv": [12, 7.5, 13, 9], "texture": "#0"},
				"up": {"uv": [11, 2, 7.5, 1], "texture": "#0"},
				"down": {"uv": [11, 2, 7.5, 3], "texture": "#0"}
			}
		},
		{
			"from": [-2.5, 2.5, 8],
			"to": [-1, 9.75, 8],
			"rotation": {"angle": -45, "axis": "z", "origin": [9.75, 11.5, 8]},
			"faces": {
				"north": {"uv": [0, 8, 1, 11.5], "texture": "#0"},
				"east": {"uv": [0, 0, 0, 3.5], "texture": "#0"},
				"south": {"uv": [1, 8, 2, 11.5], "texture": "#0"},
				"west": {"uv": [0, 0, 0, 3.5], "texture": "#0"},
				"up": {"uv": [1, 0, 0, 0], "texture": "#0"},
				"down": {"uv": [1, 0, 0, 0], "texture": "#0"}
			}
		},
		{
			"from": [-0.5, 16.5, 7.75],
			"to": [6.75, 18.75, 8.25],
			"rotation": {"angle": 0, "axis": "z", "origin": [9.75, 11.5, 8]},
			"faces": {
				"north": {"uv": [7.5, 3, 11, 4], "texture": "#0"},
				"east": {"uv": [11, 13, 11.5, 14], "texture": "#0"},
				"south": {"uv": [7.5, 4, 11, 5], "texture": "#0"},
				"west": {"uv": [9, 13.5, 9.5, 14.5], "texture": "#0"},
				"up": {"uv": [14.5, 3.5, 11, 3], "texture": "#0"},
				"down": {"uv": [14.5, 3.5, 11, 4], "texture": "#0"}
			}
		},
		{
			"from": [2.5, 11.75, 7.5],
			"to": [6, 14.5, 8.5],
			"rotation": {"angle": -45, "axis": "z", "origin": [9.75, 11.5, 8]},
			"faces": {
				"north": {"uv": [2, 8, 4, 9.5], "texture": "#0"},
				"east": {"uv": [3.5, 9.5, 4, 11], "texture": "#0"},
				"south": {"uv": [6, 8, 8, 9.5], "texture": "#0"},
				"west": {"uv": [7.5, 9.5, 8, 11], "texture": "#0"},
				"up": {"uv": [14, 10, 12, 9.5], "texture": "#0"},
				"down": {"uv": [14, 10, 12, 10.5], "texture": "#0"}
			}
		}
	],
	"gui_light": "front",
	"display": {
		"thirdperson_righthand": {
			"rotation": [0, -90, 0],
			"translation": [0, 2.25, 1.75],
			"scale": [1.5, 1.5, 1.5]
		},
		"thirdperson_lefthand": {
			"rotation": [0, 90, 0],
			"translation": [0, 2.25, 1.75],
			"scale": [1.5, 1.5, 1.5]
		},
		"firstperson_righthand": {
			"rotation": [0, -90, 0],
			"translation": [0, 2.25, 1.75],
			"scale": [1.25, 1.25, 1.25]
		},
		"firstperson_lefthand": {
			"rotation": [0, 90, 0],
			"translation": [0, 2.25, 1.75],
			"scale": [1.25, 1.25, 1.25]
		},
		"ground": {
			"rotation": [66.81, -18.95, 1.07],
			"translation": [0, 3, 0],
			"scale": [1.5, 1.5, 1.5]
		},
		"gui": {
			"rotation": [-41.31, 27.95, -36.89],
			"translation": [-1.25, -3.75, 0],
			"scale": [0.85, 0.85, 0.85]
		},
		"fixed": {
			"rotation": [0, 0, -45],
			"translation": [-1.25, -3.75, 0],
			"scale": [0.85, 0.85, 0.85]
		}
	},
	"groups": [
		{
			"name": "pomel",
			"origin": [8, 1, 8],
			"color": 0,
			"nbt": "{}",
			"children": [0]
		},
		{
			"name": "handle",
			"origin": [8, 9, 8],
			"color": 0,
			"nbt": "{}",
			"children": [1, 2, 3, 4, 5, 6]
		},
		{
			"name": "head_holder",
			"origin": [8, 17, 8],
			"color": 0,
			"nbt": "{}",
			"children": [7, 8]
		},
		{
			"name": "head_back",
			"origin": [8, 17, 8],
			"color": 0,
			"nbt": "{}",
			"children": [9, 10, 11]
		},
		{
			"name": "main_head",
			"origin": [9.75, 11.5, 8],
			"color": 0,
			"nbt": "{}",
			"children": [
				{
					"name": "top",
					"origin": [8.5, 15.25, 8],
					"color": 0,
					"nbt": "{}",
					"children": [12, 13, 14]
				},
				{
					"name": "bottom",
					"origin": [9.75, 11.5, 8],
					"color": 0,
					"nbt": "{}",
					"children": [15, 16, 17]
				}
			]
		}
	]
}